{
  "version": 1,
  "author": "Abarna M A",
  "editor": "wokwi",
  "parts": [
    { "type": "wokwi-arduino-uno", "id": "uno", "top": 0, "left": 0, "attrs": {} },
    {
      "type": "wokwi-led",
      "id": "led1",
      "top": -128.4,
      "left": 90.2,
      "attrs": { "color": "red" }
    },
    {
      "type": "wokwi-resistor",
      "id": "r1",
      "top": -92.05,
      "left": 9.6,
      "attrs": { "value": "220" }
    },
    {
      "type": "wokwi-pushbutton",
      "id": "btn1",
      "top": -137.8,
      "left": 201.6,
      "rotate": 90,
      "attrs": { "color": "green", "xray": "1" }
    }
  ],
  "connections": [
    [ "led1:C", "r1:2", "green", [ "v0" ] ],
    [ "r1:1", "uno:GND.1", "green", [ "v57.6", "h105.6" ] ],
    [ "led1:A", "uno:9", "green", [ "v9.6", "h38.4", "v0", "h0", "v0", "h9.6" ] ],
    [ "btn1:2.l", "uno:GND.1", "green", [ "v-26", "h-35.6", "v134.4", "h-76.8" ] ],
    [ "btn1:1.r", "uno:2", "green", [ "v51", "h-6.6", "v0", "h-9.6" ] ]
  ],
  "dependencies": {}
}